﻿{
	"name": "Nexacroload",
	"version": "17.1.3.300",
	"description": "nexacro platform 17 Unified Framework Library",
	"license": "http://www.nexacro.co.kr/legal/nexacrochart-public-license-readme-1.0.html",
	"scripts": [
		"CompBase/Element_HTML5.js",
		"CompBase/Element_Runtime.js",
		"CompBase/CompBase.js",
		"CompBase/CompEventBase.js",
		"CompBase/Data.js",
		"CompBase/EditBase.js",
		"CompBase/FormBase.js",
		"CompBase/TitleBar.js",
		"CompBase/StatusBar.js",
		"CompBase/FrameBase.js",
		"CompBase/ScrollBar.js",
		"CompBase/Step.js",
		"CompBase/Animation.js",
		"ComComp/Dataset.js",
		"ComComp/DomObject.js",
		"ComComp/Static.js",
		"ComComp/Button.js",
		"ComComp/Edit.js",
		"ComComp/MaskEdit.js",
		"ComComp/TextArea.js",
		"ComComp/lang/ko/ime.js",
		"ComComp/lang/ja/ime.js",
		"ComComp/ImageViewer.js",
		"ComComp/CheckBox.js",
		"ComComp/Radio.js",
		"ComComp/ListBox.js",
		"ComComp/Combo.js",
		"ComComp/Div.js",
		"ComComp/ProgressBar.js",
		"ComComp/PopupDiv.js",
		"ComComp/Menu.js",
		"ComComp/PopupMenu.js",
		"ComComp/Spin.js",
		"ComComp/DatePicker.js",
		"ComComp/Calendar.js",
		"ComComp/GroupBox.js",
		"ComComp/Tab.js",
		"ComComp/FileDialog.js",
		"ComComp/FileDownload.js",
		"ComComp/FileDownTransfer.js",
		"ComComp/FileUpload.js",
		"ComComp/FileUpTransfer.js",
		"ComComp/VideoPlayer.js",
		"ComComp/WebBrowser.js",
		"ComComp/GoogleMap.js",
		"ComComp/Sketch.js",
		"ComComp/ExportObject.js",
		"ComComp/ImportObject.js",
		"ComComp/Tray.js",
		"ComComp/Plugin.js",
		"ComComp/VirtualFile.js",
		"ComComp/Cell.js",
		"Grid/GridInfo.js",
		"Grid/Grid.js",
		"CompBaseEx/SimpleComp.js",
		"CompBaseEx/ComplexComp.js",
		"ListView/ListView.js",
		"DeviceAPI/SQLite.js",
		"DeviceAPI/SQLite_Runtime.js",
		"DeviceAPI/DeviceObjs.js",
		"DeviceAPI/DeviceObjs_Runtime.js",
		"DeviceAPI/Mobile.js",
		"DeviceAPI/BluetoothLE.js",
		"DeviceAPI/TCPClientSocket.js",
		"Graphics/Graphics.js",
		"Push/lib/sockjs.js",
		"Push/XPushAPI_Web.js",
		"Push/XPushAPI_Runtime.js",
		"Push/XPush.js",
		"Accessibility/Accessibility.js",
		"Accessibility/Accessibility_Comp.js",
		"Accessibility/Accessibility_HTML5.js",
		"Accessibility/Accessibility_Runtime.js"		
	],
	"designscripts": [
		"CompBase/Design/DesignCompBase.js",
		"CompBase/Design/DesignFrameBase.js",
		"CompBase/Design/DesignScrollBar.js",
		"CompBase/Design/DesignStatusBar.js",
		"CompBase/Design/DesignTitleBar.js",
		"CompBase/Design/DesignData.js",
		"CompBase/Design/DesignStep.js",
		"ComComp/Design/DesignStatic.js",
		"ComComp/Design/DesignButton.js",
		"ComComp/Design/DesignEdit.js",
		"ComComp/Design/DesignMaskEdit.js",
		"ComComp/Design/DesignTextArea.js",
		"ComComp/Design/DesignImageViewer.js",
		"ComComp/Design/DesignCheckBox.js",
		"ComComp/Design/DesignRadio.js",
		"ComComp/Design/DesignListBox.js",
		"ComComp/Design/DesignCombo.js",
		"ComComp/Design/DesignDiv.js",
		"ComComp/Design/DesignProgressBar.js",
		"ComComp/Design/DesignPopupDiv.js",
		"ComComp/Design/DesignMenu.js",
		"ComComp/Design/DesignPopupMenu.js",
		"ComComp/Design/DesignSpin.js",
		"ComComp/Design/DesignDatePicker.js",
		"ComComp/Design/DesignCalendar.js",
		"ComComp/Design/DesignGroupBox.js",
		"ComComp/Design/DesignTab.js",
		"ComComp/Design/DesignFileDownload.js",
		"ComComp/Design/DesignFileUpload.js",
		"ComComp/Design/DesignVideoPlayer.js",
		"ComComp/Design/DesignWebBrowser.js",
		"ComComp/Design/DesignGoogleMap.js",
		"ComComp/Design/DesignSketch.js",
		"ComComp/Design/DesignPlugin.js",
		"ComComp/Design/DesignVirtualFile.js",
		"Grid/Design/DesignGrid.js",
		"CompBaseEx/Design/DesignSimpleComp.js",
		"CompBaseEx/Design/DesignComplexComp.js",
		"ListView/Design/DesignListView.js",
		"DeviceAPI/Design/DesignSQLite.js",
		"Graphics/Design/DesignGraphics.js",
		"Push/Design/DesignXPush.js"
	],
  "objInfo": [
		"ComComp/metainfo/Component.info",
		"ComComp/metainfo/CompositeComponent.info",
		"CompBase/metainfo/Layout.info",
		"CompBase/metainfo/Form.info",
		"CompBase/metainfo/StepControl.info",
		"CompBase/metainfo/MainFrame.info",
		"CompBase/metainfo/ChildFrame.info",
		"CompBase/metainfo/FrameSet.info",
		"CompBase/metainfo/HFrameSet.info",
		"CompBase/metainfo/VFrameSet.info",
		"CompBase/metainfo/TileFrameSet.info",
		"CompBase/metainfo/ScrollBarControl.info",
		"CompBase/metainfo/ScrollIndicatorControl.info",
		"CompBase/metainfo/StatusBarControl.info",
		"CompBase/metainfo/TitleBarControl.info",
		"CompBase/metainfo/TitleBarButtonControl.info",
		"CompBase/metainfo/TitleBarIconTextControl.info",
		"CompBase/metainfo/ColumnInfo.info",
		"CompBase/metainfo/BindItem.info",
		"CompBase/metainfo/EventInfo.info",
		"CompBase/metainfo/ActivateEventInfo.info",
		"CompBase/metainfo/ChangeEventInfo.info",
		"CompBase/metainfo/ClickEventInfo.info",
		"CompBase/metainfo/CloseEventInfo.info",
		"CompBase/metainfo/ContextMenuEventInfo.info",
		"CompBase/metainfo/DeviceButtonEventInfo.info",
		"CompBase/metainfo/DragEventInfo.info",
		"CompBase/metainfo/DSColChangeEventInfo.info",
		"CompBase/metainfo/KeyEventInfo.info",
		"CompBase/metainfo/KillFocusEventInfo.info",
		"CompBase/metainfo/LayoutChangeEventInfo.info",
		"CompBase/metainfo/LoadEventInfo.info",
		"CompBase/metainfo/MouseEventInfo.info",
		"CompBase/metainfo/MouseWheelEventInfo.info",
		"CompBase/metainfo/MoveEventInfo.info",
		"CompBase/metainfo/ScrollEventInfo.info",
		"CompBase/metainfo/SetFocusEventInfo.info",
		"CompBase/metainfo/SizeEventInfo.info",
		"CompBase/metainfo/StepChangeEventInfo.info",
		"CompBase/metainfo/SysCommandEventInfo.info",
		"CompBase/metainfo/TouchEventInfo.info",
		"CompBase/metainfo/TouchInputInfo.info",
		"CompBase/metainfo/OrientationChangeEventInfo.info",
		"CompBase/metainfo/BindingValueChangedEventInfo.info",
		"CompBase/metainfo/InnerdataChangedEventInfo.info",
		"CompBase/metainfo/Animation.info",
		"CompBase/metainfo/AnimationTimeline.info",
		"CompBase/metainfo/AnimationItem.info",
		"CompBase/metainfo/AnimationTimelineItem.info",
		"CompBase/metainfo/AnimationEventInfo.info",
		"ComComp/metainfo/IconControl.info",
		"ComComp/metainfo/IconTextControl.info",
		"ComComp/metainfo/ImageControl.info",
		"ComComp/metainfo/Static.info",
		"ComComp/metainfo/Button.info",
		"ComComp/metainfo/CheckBox.info",
		"ComComp/metainfo/Edit.info",
		"ComComp/metainfo/Div.info",
		"ComComp/metainfo/PopupDiv.info",
		"ComComp/metainfo/Tab.info",
		"ComComp/metainfo/TabButtonItemControl.info",
		"ComComp/metainfo/TabpageControl.info",
		"ComComp/metainfo/ListBox.info",
		"ComComp/metainfo/ListBoxItemControl.info",
		"ComComp/metainfo/Combo.info",
		"ComComp/metainfo/FileDialog.info",
		"ComComp/metainfo/FileDownload.info",
		"ComComp/metainfo/FileDownTransfer.info",
		"ComComp/metainfo/FileUpload.info",
		"ComComp/metainfo/FileUploadItemControl.info",
		"ComComp/metainfo/FileUpTransfer.info",
		"ComComp/metainfo/GroupBox.info",
		"ComComp/metainfo/ImageViewer.info",
		"ComComp/metainfo/MaskEdit.info",
		"ComComp/metainfo/Menu.info",
		"ComComp/metainfo/MenuItemControl.info",
		"ComComp/metainfo/PopupMenu.info",
		"ComComp/metainfo/PopupMenuItemControl.info",
		"ComComp/metainfo/ProgressBar.info",
		"ComComp/metainfo/Radio.info",
		"ComComp/metainfo/RadioItemControl.info",
		"ComComp/metainfo/Spin.info",
		"ComComp/metainfo/TextArea.info",
		"ComComp/metainfo/Sketch.info",
		"ComComp/metainfo/WebBrowser.info",
		"ComComp/metainfo/DatePickerControl.info",
		"ComComp/metainfo/DatePickerBodyControl.info",
		"ComComp/metainfo/DatePickerDayItemControl.info",
		"ComComp/metainfo/DatePickerWeekItemControl.info",
		"ComComp/metainfo/DatePickerHeadControl.info",
		"ComComp/metainfo/Calendar.info",
		"ComComp/metainfo/GoogleMap.info",
		"ComComp/metainfo/GoogleMapMarker.info",
		"ComComp/metainfo/GoogleMapPolygon.info",
		"ComComp/metainfo/GoogleMapPolyline.info",
		"ComComp/metainfo/GoogleMapCircle.info",
		"ComComp/metainfo/ExcelExportObject.info",
		"ComComp/metainfo/ExportTypes.info",
		"ComComp/metainfo/ExportItemTypes.info",
		"ComComp/metainfo/ExportItem.info",
		"ComComp/metainfo/ExportProgress.info",
		"ComComp/metainfo/ExcelImportObject.info",
		"ComComp/metainfo/ImportTypes.info",
		"ComComp/metainfo/Dataset.info",
		"ComComp/metainfo/CalendarCloseUpEventInfo.info",
		"ComComp/metainfo/CalendarDayClickEventInfo.info",
		"ComComp/metainfo/CalendarSpinEventInfo.info",
		"ComComp/metainfo/CheckBoxChangedEventInfo.info",
		"ComComp/metainfo/ComboCloseUpEventInfo.info",
		"ComComp/metainfo/DSLoadEventInfo.info",
		"ComComp/metainfo/DSRowPosChangeEventInfo.info",
		"ComComp/metainfo/DSRowsetChangeEventInfo.info",
		"ComComp/metainfo/EditClickEventInfo.info",
		"ComComp/metainfo/ExcelExportErrorEventInfo.info",
		"ComComp/metainfo/ExcelExportEventInfo.info",
		"ComComp/metainfo/ExcelExportProgressEventInfo.info",
		"ComComp/metainfo/ExcelImportErrorEventInfo.info",
		"ComComp/metainfo/ExcelImportEventInfo.info",
		"ComComp/metainfo/FileDialogEventInfo.info",
		"ComComp/metainfo/FileDownloadErrorEventInfo.info",
		"ComComp/metainfo/FileDownloadEventInfo.info",
		"ComComp/metainfo/FileDownTransferErrorEventInfo.info",
		"ComComp/metainfo/FileDownTransferEventInfo.info",
		"ComComp/metainfo/FileUploadErrorEventInfo.info",
		"ComComp/metainfo/FileUploadEventInfo.info",
		"ComComp/metainfo/FileUploadItemChangeEventInfo.info",
		"ComComp/metainfo/FileUploadItemEventInfo.info",
		"ComComp/metainfo/FileUploadMouseEventInfo.info",
		"ComComp/metainfo/FileUpTransferErrorEventInfo.info",
		"ComComp/metainfo/FileUpTransferEventInfo.info",
		"ComComp/metainfo/FileUpTransferProgressEventInfo.info",
		"ComComp/metainfo/InputEventInfo.info",
		"ComComp/metainfo/ItemChangeEventInfo.info",
		"ComComp/metainfo/ItemClickEventInfo.info",
		"ComComp/metainfo/VideoPlayer.info",
		"ComComp/metainfo/VideoCurrentTimeChangedEventInfo.info",
		"ComComp/metainfo/VideoErrorEventInfo.info",
		"ComComp/metainfo/VideoPlayStateChangedEventInfo.info",
		"ComComp/metainfo/MenuClickEventInfo.info",
		"ComComp/metainfo/MenuDragEventInfo.info",
		"ComComp/metainfo/MenuMouseEventInfo.info",
		"ComComp/metainfo/SketchErrorEventInfo.info",
		"ComComp/metainfo/SketchEventInfo.info",
		"ComComp/metainfo/SketchLoadEventInfo.info",
		"ComComp/metainfo/SpinEventInfo.info",
		"ComComp/metainfo/TabIndexChangeEventInfo.info",
		"ComComp/metainfo/TabMouseEventInfo.info",
		"ComComp/metainfo/GoogleMapClickEventInfo.info",
		"ComComp/metainfo/GoogleMapDragEventInfo.info",
		"ComComp/metainfo/GoogleMapErrorEventInfo.info",
		"ComComp/metainfo/GoogleMapEventInfo.info",
		"ComComp/metainfo/WebLoadCompEventInfo.info",
		"ComComp/metainfo/WebUserNotifyEventInfo.info",
		"ComComp/metainfo/Plugin.info",
		"ComComp/metainfo/VirtualFile.info",
		"ComComp/metainfo/VirtualFileErrorEventInfo.info",
		"ComComp/metainfo/VirtualFileEventInfo.info",
		"ComComp/metainfo/CellTreeItemControl.info",
		"ComComp/metainfo/CellTreeLineControl.info",
		"ComComp/metainfo/TreeItemIconControl.info",
		"Grid/metainfo/Grid.info",
		"Grid/metainfo/GridBandControl.info",
		"Grid/metainfo/GridRowControl.info",
		"Grid/metainfo/GridCellControl.info",
		"Grid/metainfo/CellSubCellControl.info",
		"Grid/metainfo/GridColumnControl.info",
		"Grid/metainfo/GridClickEventInfo.info",
		"Grid/metainfo/GridDragEventInfo.info",
		"Grid/metainfo/GridEditEventInfo.info",
		"Grid/metainfo/GridMouseEventInfo.info",
		"Grid/metainfo/GridSelectEventInfo.info",
		"Grid/metainfo/GridSizeChangedEventInfo.info",
		"Grid/metainfo/GridTreeStatusEventInfo.info",
		"Grid/metainfo/GridSelectionControl.info",
		"CompBaseEx/metainfo/SimpleComp.info",
		"CompBaseEx/metainfo/ComplexComp.info",
		"ListView/metainfo/ListView.info",
		"ListView/metainfo/ListViewBandControl.info",
		"ListView/metainfo/ListViewDetailBandControl.info",
		"ListView/metainfo/ListViewCellControl.info",
		"ListView/metainfo/ListViewBandExpandbarControl.info",
		"ListView/metainfo/ListViewBandStatusEventInfo.info",
		"ListView/metainfo/ListViewClickEventInfo.info",
		"ListView/metainfo/ListViewDragEventInfo.info",
		"ListView/metainfo/ListViewMouseEventInfo.info",
		"ListView/metainfo/ListViewSelectEventInfo.info",
		"ListView/metainfo/ListViewEditEventInfo.info",
		"DeviceAPI/metainfo/Acceleration.info",
		"DeviceAPI/metainfo/AudioPlayer.info",
		"DeviceAPI/metainfo/AudioRecorder.info",
		"DeviceAPI/metainfo/Camera.info",
		"DeviceAPI/metainfo/Contact.info",
		"DeviceAPI/metainfo/ContactAddress.info",
		"DeviceAPI/metainfo/ContactField.info",
		"DeviceAPI/metainfo/ContactOrganization.info",
		"DeviceAPI/metainfo/ContactPhoto.info",
		"DeviceAPI/metainfo/ContactSet.info",
		"DeviceAPI/metainfo/ExternalAPI.info",
		"DeviceAPI/metainfo/Geolocation.info",
		"DeviceAPI/metainfo/ImagePicker.info",
		"DeviceAPI/metainfo/LiteDBConnection.info",
		"DeviceAPI/metainfo/LiteDBStatement.info",
		"DeviceAPI/metainfo/Network.info",
		"DeviceAPI/metainfo/Sms.info",
		"DeviceAPI/metainfo/Phone.info",
		"DeviceAPI/metainfo/Vibrator.info",
		"DeviceAPI/metainfo/AccelerationErrorEventInfo.info",
		"DeviceAPI/metainfo/AccelerationEventInfo.info",
		"DeviceAPI/metainfo/AudioErrorEventInfo.info",
		"DeviceAPI/metainfo/AudioEventInfo.info",
		"DeviceAPI/metainfo/CameraErrorEventInfo.info",
		"DeviceAPI/metainfo/CameraEventInfo.info",
		"DeviceAPI/metainfo/ContactSetErrorEventInfo.info",
		"DeviceAPI/metainfo/ContactSetEventInfo.info",
		"DeviceAPI/metainfo/ExternalAPIErrorEventInfo.info",
		"DeviceAPI/metainfo/ExternalAPIEventInfo.info",
		"DeviceAPI/metainfo/GeolocationErrorEventInfo.info",
		"DeviceAPI/metainfo/GeolocationEventInfo.info",
		"DeviceAPI/metainfo/ImagePickerErrorEventInfo.info",
		"DeviceAPI/metainfo/ImagePickerEventInfo.info",
		"DeviceAPI/metainfo/LiteDBErrorEventInfo.info",
		"DeviceAPI/metainfo/LiteDBEventInfo.info",
		"DeviceAPI/metainfo/NetworkErrorEventInfo.info",
		"DeviceAPI/metainfo/NetworkEventInfo.info",
		"DeviceAPI/metainfo/SmsErrorEventInfo.info",
		"DeviceAPI/metainfo/SmsEventInfo.info",
		"DeviceAPI/metainfo/SmsMessagListEventInfo.info",
		"DeviceAPI/metainfo/SmsMessage.info",
		"DeviceAPI/metainfo/VibratorErrorEventInfo.info",
		"DeviceAPI/metainfo/VibratorEventInfo.info",
		"DeviceAPI/metainfo/SocketErrorEventInfo.info",
		"DeviceAPI/metainfo/SocketReceiveEventInfo.info",
		"DeviceAPI/metainfo/SocketEventInfo.info",
		"DeviceAPI/metainfo/TCPClientSocket.info",
		"DeviceAPI/metainfo/BluetoothLE.info",
		"DeviceAPI/metainfo/BluetoothLEEventInfo.info",
		"DeviceAPI/metainfo/BluetoothLEScanDeviceEventInfo.info",
		"DeviceAPI/metainfo/BluetoothLEErrorEventInfo.info",
		"Graphics/metainfo/Graphics.info",
		"Graphics/metainfo/GraphicsObject.info",
		"Graphics/metainfo/GraphicsGroup.info",
		"Graphics/metainfo/GraphicsShape.info",
		"Graphics/metainfo/GraphicsRect.info",
		"Graphics/metainfo/GraphicsEllipse.info",
		"Graphics/metainfo/GraphicsImage.info",
		"Graphics/metainfo/GraphicsText.info",
		"Graphics/metainfo/GraphicsLine.info",
		"Graphics/metainfo/GraphicsPath.info",
		"Graphics/metainfo/GraphicsPaths.info",
		"Push/metainfo/XPush.info",
		"Push/metainfo/PushMessageObject.info",
		"Push/metainfo/XPushErrorEventInfo.info",
		"Push/metainfo/XPushEventInfo.info",
		"Push/metainfo/XPushKeepAliveEventInfo.info"
  ]
}


