﻿{
  "name": "Push",
  "version": "17.1.3.300",
  "description": "nexacro platform 17 Unified Framework Library",
  "license": "",
  "scripts": [
    "Push/lib/sockjs.js",
    "Push/XPushAPI_Web.js",
    "Push/XPushAPI_Runtime.js",
    "Push/XPush.js"
  ],
  "scriptsfilter": [
    {
      "name": "XPushAPI_Web.js",
      "target": "WRE,iOS_NRE"
    },
    {
      "name": "XPushAPI_Runtime.js",
      "target": "NRE"
    }
  ],
    "objInfo" : [
      "Push/metainfo/XPush.info",
      "Push/metainfo/PushMessageObject.info",
      "Push/metainfo/XPushErrorEventInfo.info",
      "Push/metainfo/XPushEventInfo.info",
      "Push/metainfo/XPushKeepAliveEventInfo.info"
    ],
    "designscripts" : [
      "Push/Design/DesignXPush.js"
    ]
}

